distance_06.csv,before_x_06.csv,before_y_06.csv,after_x_06.csv,after_y_06.csv,class_before_06.csv,probability_before_06.csv,class_after_06.csv,probability_after_06.csv,distance_06.csv,before_x_06.csv,before_y_06.csv,after_x_06.csv,after_y_06.csv,class_before_06.csv,probability_before_06.csv,class_after_06.csv,probability_after_06.csv,distance_07.csv,before_x_07.csv,before_y_07.csv,after_x_07.csv,after_y_07.csv,class_before_07.csv,probability_before_07.csv,class_after_07.csv,probability_after_07.csv,distance,before_x,before_y,after_x,after_y,class_before,probability_before,class_after,probability_after
3.1622776601683795,1633.0,1020.0,1634.0,1023.0,rose5,89.0,rose5,100.0,868.1295986199295,1634.0,1023.0,1314.0,216.0,rose5,100.0,rose2,75.0,,,,,,,,,,,,,,,,,,
3.605551275463989,1377.0,888.0,1374.0,886.0,rose2,94.0,rose4,79.0,611.8986844241455,1374.0,886.0,832.0,1170.0,rose4,79.0,rose1,86.0,,,,,,,,,,,,,,,,,,
6.0,388.0,162.0,394.0,162.0,rose4,89.0,rose5,99.0,,,,,,,,,,,,,,,,,,,,,,,,,,,
7.280109889280518,1463.0,1072.0,1465.0,1079.0,rose2,98.0,rose2,53.0,,,,,,,,,,,,,,,,,,,,,,,,,,,
6.4031242374328485,425.0,872.0,421.0,867.0,rose4,98.0,rose5,99.0,101.6070863670443,421.0,867.0,321.0,885.0,rose5,99.0,rose2,95.0,,,,,,,,,,,,,,,,,,
15.297058540778355,1631.0,92.0,1646.0,95.0,rose1,92.0,rose1,98.0,8.48528137423857,1646.0,95.0,1652.0,89.0,rose1,98.0,rose2,61.0,,,,,,,,,,,,,,,,,,
,,,,,,,,,6.4031242374328485,1622.0,194.0,1626.0,189.0,rose1,98.0,rose2,79.0,,,,,,,,,,,,,,,,,,
,,,,,,,,,9.219544457292887,1526.0,1200.0,1524.0,1191.0,rose3,87.0,rose3,50.0,,,,,,,,,,,,,,,,,,
3.605551275463989,621.0,885.0,623.0,882.0,rose2,98.0,rose3,99.0,8.602325267042627,623.0,882.0,630.0,887.0,rose3,99.0,rose3,97.0,9.848857801796104,630.0,887.0,626.0,878.0,rose3,97.0,rose4,66.0,,,,,,,,,
3.605551275463989,621.0,885.0,623.0,882.0,rose2,98.0,rose3,99.0,8.602325267042627,623.0,882.0,630.0,887.0,rose3,99.0,rose3,97.0,9.848857801796104,630.0,887.0,626.0,878.0,rose3,97.0,rose5,39.0,,,,,,,,,
5.0,1399.0,1172.0,1402.0,1176.0,rose2,96.0,rose4,65.0,14.212670403551895,1402.0,1176.0,1393.0,1165.0,rose4,65.0,rose4,73.0,6.0,1393.0,1165.0,1387.0,1165.0,rose4,73.0,rose4,75.0,74.67261881037788,1387.0,1165.0,1457.0,1139.0,rose4,75.0,rose2,100.0
5.385164807134504,1588.0,822.0,1593.0,824.0,rose2,67.0,rose3,40.0,14.0,1593.0,824.0,1593.0,810.0,rose3,40.0,rose4,82.0,156.1569723067145,1593.0,810.0,1600.0,654.0,rose4,82.0,rose1,98.0,10.198039027185569,1600.0,654.0,1602.0,644.0,rose1,98.0,rose3,99.0
6.082762530298219,447.0,0.0,453.0,-1.0,rose1,72.0,rose1,98.0,4.0,453.0,-1.0,449.0,-1.0,rose1,98.0,rose1,97.0,228.39658491317246,449.0,-1.0,482.0,225.0,rose1,97.0,rose1,98.0,9.848857801796104,482.0,225.0,473.0,221.0,rose1,98.0,rose1,94.0
6.082762530298219,1638.0,1161.0,1637.0,1167.0,rose5,100.0,rose5,100.0,143.01398533010678,1637.0,1167.0,1639.0,1310.0,rose5,100.0,rose1,93.0,4.123105625617661,1639.0,1310.0,1635.0,1309.0,rose1,93.0,rose1,98.0,1457.4477692185062,1635.0,1309.0,212.0,994.0,rose1,98.0,rose2,53.0
6.324555320336759,551.0,988.0,553.0,982.0,rose2,95.0,rose3,65.0,152.95751043999115,553.0,982.0,623.0,1118.0,rose3,65.0,rose2,81.0,166.8112706024386,623.0,1118.0,548.0,969.0,rose2,81.0,rose4,98.0,25.298221281347036,548.0,969.0,524.0,977.0,rose4,98.0,rose5,100.0
7.0710678118654755,1429.0,677.0,1434.0,682.0,rose2,41.0,rose2,74.0,12.806248474865697,1434.0,682.0,1444.0,690.0,rose2,74.0,rose3,97.0,4.242640687119285,1444.0,690.0,1441.0,687.0,rose3,97.0,rose2,95.0,16.1245154965971,1441.0,687.0,1433.0,673.0,rose2,95.0,rose4,99.0
7.280109889280518,379.0,702.0,381.0,695.0,rose5,46.0,rose5,100.0,322.8652969893172,381.0,695.0,222.0,976.0,rose5,100.0,rose2,97.0,456.32663739913323,222.0,976.0,277.0,523.0,rose2,97.0,rose1,55.0,34.132096331752024,277.0,523.0,274.0,489.0,rose1,55.0,rose1,40.0
7.280109889280518,1507.0,1295.0,1509.0,1302.0,rose2,80.0,rose3,79.0,13.038404810405298,1509.0,1302.0,1496.0,1301.0,rose3,79.0,rose4,100.0,19.235384061671343,1496.0,1301.0,1479.0,1292.0,rose4,100.0,rose5,100.0,119.87076374162301,1479.0,1292.0,1519.0,1179.0,rose5,100.0,rose4,84.0
8.06225774829855,1553.0,160.0,1561.0,159.0,rose2,67.0,rose4,83.0,7.280109889280518,1561.0,159.0,1559.0,152.0,rose4,83.0,rose5,45.0,116.60617479361889,1559.0,152.0,1490.0,246.0,rose5,45.0,rose2,47.0,28.42534080710379,1490.0,246.0,1468.0,228.0,rose2,47.0,rose2,64.0
8.06225774829855,1553.0,160.0,1561.0,159.0,rose2,67.0,rose4,83.0,7.280109889280518,1561.0,159.0,1559.0,152.0,rose4,83.0,rose5,45.0,116.60617479361889,1559.0,152.0,1490.0,246.0,rose4,72.0,rose2,47.0,28.42534080710379,1490.0,246.0,1468.0,228.0,rose2,47.0,rose2,64.0
8.06225774829855,1553.0,160.0,1561.0,159.0,rose2,67.0,rose4,83.0,7.280109889280518,1561.0,159.0,1559.0,152.0,rose4,83.0,rose4,72.0,116.60617479361889,1559.0,152.0,1490.0,246.0,rose5,45.0,rose2,47.0,28.42534080710379,1490.0,246.0,1468.0,228.0,rose2,47.0,rose2,64.0
8.06225774829855,1553.0,160.0,1561.0,159.0,rose2,67.0,rose4,83.0,7.280109889280518,1561.0,159.0,1559.0,152.0,rose4,83.0,rose4,72.0,116.60617479361889,1559.0,152.0,1490.0,246.0,rose4,72.0,rose2,47.0,28.42534080710379,1490.0,246.0,1468.0,228.0,rose2,47.0,rose2,64.0
10.04987562112089,517.0,70.0,518.0,60.0,rose1,98.0,rose1,100.0,7.280109889280518,518.0,60.0,511.0,58.0,rose1,100.0,rose2,99.0,7.0,511.0,58.0,511.0,51.0,rose2,99.0,rose2,98.0,10.44030650891055,511.0,51.0,501.0,48.0,rose2,98.0,rose2,100.0
12.041594578792296,1299.0,216.0,1311.0,217.0,rose2,100.0,rose2,100.0,2.8284271247461903,1311.0,217.0,1313.0,215.0,rose2,100.0,rose3,33.0,17.08800749063506,1313.0,215.0,1307.0,199.0,rose3,33.0,rose4,99.0,300.77566390916667,1307.0,199.0,1112.0,428.0,rose4,99.0,rose2,34.0
71.06335201775947,1513.0,894.0,1510.0,965.0,rose2,99.0,rose2,99.0,1.4142135623730951,1510.0,965.0,1509.0,964.0,rose2,99.0,rose3,52.0,4.242640687119285,1509.0,964.0,1506.0,967.0,rose3,52.0,rose4,63.0,27.85677655436824,1506.0,967.0,1496.0,941.0,rose4,63.0,rose5,100.0
269.2582403567252,686.0,780.0,474.0,614.0,rose2,97.0,rose1,95.0,3.0,474.0,614.0,471.0,614.0,rose1,95.0,rose2,90.0,10.295630140987,471.0,614.0,480.0,609.0,rose2,90.0,rose2,98.0,12.165525060596439,480.0,609.0,468.0,607.0,rose2,98.0,rose3,36.0
479.0511454949252,721.0,7.0,242.0,0.0,rose5,60.0,rose1,68.0,4.0,242.0,0.0,238.0,0.0,rose1,68.0,rose1,54.0,499.001002003002,238.0,0.0,737.0,-1.0,rose1,54.0,rose5,53.0,543.2807745540053,737.0,-1.0,222.0,172.0,rose5,53.0,rose1,98.0
479.0511454949252,721.0,7.0,242.0,0.0,rose5,60.0,rose1,68.0,4.0,242.0,0.0,238.0,0.0,rose1,68.0,rose1,54.0,499.001002003002,238.0,0.0,737.0,-1.0,rose2,33.0,rose5,53.0,543.2807745540053,737.0,-1.0,222.0,172.0,rose5,53.0,rose1,98.0
479.0511454949252,721.0,7.0,242.0,0.0,rose5,60.0,rose1,68.0,4.0,242.0,0.0,238.0,0.0,rose1,68.0,rose2,33.0,499.001002003002,238.0,0.0,737.0,-1.0,rose1,54.0,rose5,53.0,543.2807745540053,737.0,-1.0,222.0,172.0,rose5,53.0,rose1,98.0
479.0511454949252,721.0,7.0,242.0,0.0,rose5,60.0,rose1,68.0,4.0,242.0,0.0,238.0,0.0,rose1,68.0,rose2,33.0,499.001002003002,238.0,0.0,737.0,-1.0,rose2,33.0,rose5,53.0,543.2807745540053,737.0,-1.0,222.0,172.0,rose5,53.0,rose1,98.0
,,,,,,,,,2.23606797749979,378.0,979.0,379.0,977.0,rose3,48.0,rose3,99.0,5.830951894845301,379.0,977.0,374.0,974.0,rose3,99.0,rose4,99.0,156.08010763707205,374.0,974.0,218.0,969.0,rose4,99.0,rose1,61.0
,,,,,,,,,3.605551275463989,1489.0,109.0,1492.0,107.0,rose2,83.0,rose2,32.0,5.830951894845301,1492.0,107.0,1495.0,102.0,rose2,32.0,rose2,98.0,15.620499351813308,1495.0,102.0,1485.0,90.0,rose2,98.0,rose3,38.0
,,,,,,,,,73.92563831310488,1547.0,566.0,1479.0,537.0,rose5,58.0,rose2,95.0,310.80057915003954,1479.0,537.0,1293.0,786.0,rose2,95.0,rose2,98.0,314.6823795511913,1293.0,786.0,1476.0,530.0,rose2,98.0,rose2,93.0
,,,,,,,,,181.13530854032848,1060.0,988.0,981.0,1151.0,rose2,39.0,rose2,40.0,233.43093196918014,981.0,1151.0,1204.0,1082.0,rose2,40.0,rose2,31.0,424.6056994436132,1204.0,1082.0,797.0,961.0,rose2,31.0,rose1,78.0
,,,,,,,,,295.0271173977063,1594.0,662.0,1590.0,367.0,rose1,45.0,rose1,98.0,4.123105625617661,1590.0,367.0,1594.0,368.0,rose1,98.0,rose2,81.0,188.73261509341728,1594.0,368.0,1626.0,182.0,rose2,81.0,rose2,93.0
,,,,,,,,,,,,,,,,,,17.029386365926403,1508.0,885.0,1491.0,884.0,rose4,100.0,rose5,100.0,891.7090332614109,1491.0,884.0,1608.0,0.0,rose5,100.0,rose2,72.0
,,,,,,,,,,,,,,,,,,,,,,,,,,,20.396078054371138,331.0,878.0,311.0,874.0,rose2,48.0,rose3,99.0
